{"loss": 887.2099356651306, "_timestamp": 1684348934.0134664, "_runtime": 1243.941172361374, "_step": 169, "_wandb": {"runtime": 596}}