{"loss": 447.0350369787775, "learning rate": 0.00023255093271198747, "_timestamp": 1684356295.1646578, "_runtime": 299.6040098667145, "_step": 49}