{"loss": 563.4073470234871, "learning rate": 0.0005, "_timestamp": 1684354194.367954, "_runtime": 268.1397979259491, "_step": 49, "_wandb": {"runtime": 573}}