{"loss": 981.3921059370041, "learning rate": 9.370406407450671e-05, "_timestamp": 1684349996.6565945, "_runtime": 205.5518364906311, "_step": 49, "_wandb": {"runtime": 167}}