{"loss": 643.2300542145967, "learning rate": 0.001, "_timestamp": 1684349720.0474968, "_runtime": 210.28569769859314, "_step": 49, "_wandb": {"runtime": 273}}