{"loss": 599.8457304388285, "learning rate": 0.001, "_timestamp": 1684353002.7252328, "_runtime": 641.9828417301178, "_step": 49, "_wandb": {"runtime": 187}}