{"loss": 543.4639101624489, "learning rate": 0.001, "_timestamp": 1684353899.7707782, "_runtime": 331.63313817977905, "_step": 49, "_wandb": {"runtime": 326}}