{"loss": 1010.1174152493477, "learning rate": 0.01, "_timestamp": 1684349360.0515087, "_runtime": 187.65927267074585, "_step": 49, "_wandb": {"runtime": 180}}