{"loss": 472.38616314157844, "learning rate": 0.00085, "_timestamp": 1684355552.8367627, "_runtime": 268.264301776886, "_step": 49, "_wandb": {"runtime": 392}}