{"loss": 515.7664073705673, "learning rate": 0.001, "_timestamp": 1684353435.6084638, "_runtime": 371.4684417247772, "_step": 49, "_wandb": {"runtime": 496}}