{"loss": 584.5557334348559, "learning rate": 0.0037, "_timestamp": 1684354788.2187986, "_runtime": 281.217485666275, "_step": 49, "_wandb": {"runtime": 267}}