{"loss": 469.36813405901194, "learning rate": 0.00075, "_timestamp": 1684355963.9247518, "_runtime": 279.0225307941437, "_step": 49, "_wandb": {"runtime": 264}}