{"loss": 786.9090798199177, "learning rate": 0.001, "_timestamp": 1684351513.8956318, "_runtime": 1486.674037694931, "_step": 316, "_wandb": {"runtime": 1980}}