{"loss": 451.23037130758166, "learning rate": 0.003, "_timestamp": 1684355211.9412792, "_runtime": 275.1965911388397, "_step": 49, "_wandb": {"runtime": 281}}